season,week,elim,non_elim,p_e,p_i,q_e,q_i,lhs
1,2,Trista Sutter,Evander Holyfield,0.012039832796981443,0.0,0.15702479338842976,0.11570247933884298,0.02668107342328411
1,2,Trista Sutter,Kelly Monaco,0.012039832796981443,0.0,0.15702479338842976,0.14049586776859505,0.014284379208408077
1,4,Rachel Hunter,Joey McIntyre,1.0,0.0,0.2717391304347826,0.21739130434782608,0.5271739130434783
1,4,Rachel Hunter,John O'Hurley,1.0,0.0,0.2717391304347826,0.22826086956521738,0.5217391304347826
1,4,Rachel Hunter,Kelly Monaco,1.0,0.0,0.2717391304347826,0.2826086956521739,0.4945652173913043
2,1,Kenny Mayne,Master P,0.0,0.0,0.06666666666666667,0.06153846153846154,0.002564102564102562
2,2,Tatum O'Neal,Master P,0.1111111111111111,0.1111111111111111,0.085,0.08,0.0025000000000000022
2,3,Giselle Fernandez,Jerry Rice,0.125,0.125,0.12087912087912088,0.1043956043956044,0.00824175824175824
2,3,Giselle Fernandez,Master P,0.125,0.125,0.12087912087912088,0.07692307692307693,0.021978021978021976
2,7,Lisa Rinna,Jerry Rice,0.25,0.25,0.25980392156862747,0.20098039215686275,0.02941176470588236
3,2,Shanna Moakler,Emmitt Smith,0.49752024569795356,0.0,0.09565217391304348,0.10434782608695652,0.24441229676202025
3,2,Shanna Moakler,Harry Hamlin,0.49752024569795356,0.0,0.09565217391304348,0.09130434782608696,0.25093403589245505
3,2,Shanna Moakler,Jerry Springer,0.49752024569795356,0.0,0.09565217391304348,0.08260869565217391,0.25528186197941155
3,2,Shanna Moakler,Joey Lawrence,0.49752024569795356,0.0,0.09565217391304348,0.12608695652173912,0.23354273154462896
3,2,Shanna Moakler,Mario Lopez,0.49752024569795356,0.0,0.09565217391304348,0.09130434782608696,0.25093403589245505
3,2,Shanna Moakler,Monique Coleman,0.49752024569795356,0.0,0.09565217391304348,0.11304347826086956,0.24006447067506373
3,2,Shanna Moakler,Sara Evans,0.49752024569795356,0.0,0.09565217391304348,0.09130434782608696,0.25093403589245505
3,2,Shanna Moakler,Willa Ford,0.49752024569795356,0.0,0.09565217391304348,0.1,0.2465862098054985
3,3,Harry Hamlin,Emmitt Smith,0.0,0.0,0.10628019323671498,0.09178743961352658,0.0072463768115942
3,3,Harry Hamlin,Jerry Springer,0.0,0.0,0.10628019323671498,0.10144927536231885,0.0024154589371980645
3,4,Vivica A. Fox,Emmitt Smith,1.0,0.0,0.12121212121212122,0.12121212121212122,0.5
3,4,Vivica A. Fox,Jerry Springer,1.0,0.0,0.12121212121212122,0.1111111111111111,0.5050505050505051
3,4,Vivica A. Fox,Joey Lawrence,1.0,0.0,0.12121212121212122,0.13636363636363635,0.49242424242424243
3,4,Vivica A. Fox,Mario Lopez,1.0,0.0,0.12121212121212122,0.14646464646464646,0.48737373737373735
3,4,Vivica A. Fox,Monique Coleman,1.0,0.0,0.12121212121212122,0.12121212121212122,0.5
3,4,Vivica A. Fox,Sara Evans,1.0,0.0,0.12121212121212122,0.10101010101010101,0.51010101010101
3,4,Vivica A. Fox,Willa Ford,1.0,0.0,0.12121212121212122,0.1414141414141414,0.4898989898989899
3,5,Willa Ford,Emmitt Smith,0.2153746335228561,0.0,0.14917127071823205,0.14917127071823205,0.10768731676142805
3,5,Willa Ford,Jerry Springer,0.2153746335228561,0.0,0.14917127071823205,0.13259668508287292,0.11597460957910762
3,5,Willa Ford,Joey Lawrence,0.2153746335228561,0.0,0.14917127071823205,0.13812154696132597,0.11321217863988109
3,5,Willa Ford,Mario Lopez,0.2153746335228561,0.0,0.14917127071823205,0.14917127071823205,0.10768731676142805
3,5,Willa Ford,Sara Evans,0.2153746335228561,0.0,0.14917127071823205,0.13259668508287292,0.11597460957910762
4,2,Paulina Porizkova,Apolo Anton Ohno,0.2151149855671834,0.0,0.08571428571428572,0.10612244897959183,0.09735341115093864
4,2,Paulina Porizkova,Billy Ray Cyrus,0.2151149855671834,0.0,0.08571428571428572,0.08571428571428572,0.1075574927835917
4,2,Paulina Porizkova,Clyde Drexler,0.2151149855671834,0.0,0.08571428571428572,0.07346938775510205,0.11367994176318352
4,2,Paulina Porizkova,Joey Fatone,0.2151149855671834,0.0,0.08571428571428572,0.09795918367346938,0.10143504380399987
4,2,Paulina Porizkova,John Ratzenberger,0.2151149855671834,0.0,0.08571428571428572,0.08571428571428572,0.1075574927835917
4,2,Paulina Porizkova,Laila Ali,0.2151149855671834,0.0,0.08571428571428572,0.11020408163265306,0.09531259482440801
4,2,Paulina Porizkova,Shandi Finnessey,0.2151149855671834,0.0,0.08571428571428572,0.08163265306122448,0.1095983091101223
4,3,Shandi Finnessey,Clyde Drexler,0.1,0.1,0.0963302752293578,0.07339449541284404,0.011467889908256881
4,3,Shandi Finnessey,John Ratzenberger,0.1,0.1,0.0963302752293578,0.09174311926605505,0.0022935779816513763
4,4,Leeza Gibbons,Clyde Drexler,0.0,0.0,0.08421052631578947,0.07894736842105263,0.0026315789473684223
4,6,Heather Mills,Apolo Anton Ohno,1.0,0.0,0.13529411764705881,0.16470588235294117,0.4852941176470588
4,6,Heather Mills,Billy Ray Cyrus,1.0,0.0,0.13529411764705881,0.12352941176470589,0.5058823529411764
4,6,Heather Mills,Ian Ziering,1.0,0.0,0.13529411764705881,0.1411764705882353,0.4970588235294118
4,6,Heather Mills,Joey Fatone,1.0,0.0,0.13529411764705881,0.1588235294117647,0.48823529411764705
4,6,Heather Mills,John Ratzenberger,1.0,0.0,0.13529411764705881,0.11176470588235295,0.5117647058823529
4,6,Heather Mills,Laila Ali,1.0,0.0,0.13529411764705881,0.16470588235294117,0.4852941176470588
4,7,John Ratzenberger,Billy Ray Cyrus,0.16666666666666666,0.16666666666666666,0.14563106796116504,0.12297734627831715,0.011326860841423946
5,2,Albert Reed,Cameron Mathison,1.0,0.0,0.08823529411764706,0.08823529411764706,0.5
5,2,Albert Reed,Floyd Mayweather Jr. ,1.0,0.0,0.08823529411764706,0.08823529411764706,0.5
5,2,Albert Reed,Helio Castroneves,1.0,0.0,0.08823529411764706,0.1134453781512605,0.48739495798319327
5,2,Albert Reed,Jane Seymour,1.0,0.0,0.08823529411764706,0.08823529411764706,0.5
5,2,Albert Reed,Jennie Garth,1.0,0.0,0.08823529411764706,0.08823529411764706,0.5
5,2,Albert Reed,Marie Osmond,1.0,0.0,0.08823529411764706,0.10084033613445378,0.49369747899159666
5,2,Albert Reed,Mark Cuban,1.0,0.0,0.08823529411764706,0.07563025210084033,0.5063025210084033
5,2,Albert Reed,Mel B,1.0,0.0,0.08823529411764706,0.09663865546218488,0.4957983193277311
5,2,Albert Reed,Sabrina Bryan,1.0,0.0,0.08823529411764706,0.1092436974789916,0.4894957983193277
5,2,Albert Reed,Wayne Newton,1.0,0.0,0.08823529411764706,0.06302521008403361,0.5126050420168067
5,4,Floyd Mayweather Jr. ,Mark Cuban,0.1111111111111111,0.1111111111111111,0.09829059829059829,0.09401709401709402,0.002136752136752136
5,6,Sabrina Bryan,Jane Seymour,0.14285714285714285,0.14285714285714285,0.1388888888888889,0.12222222222222222,0.008333333333333338
5,6,Sabrina Bryan,Marie Osmond,0.14285714285714285,0.14285714285714285,0.1388888888888889,0.12777777777777777,0.005555555555555564
5,8,Cameron Mathison,Jennie Garth,0.2,0.2,0.19391634980988592,0.19011406844106463,0.0019011406844106488
5,8,Cameron Mathison,Marie Osmond,0.2,0.2,0.19391634980988592,0.18631178707224336,0.0038022813688212836
5,9,Jennie Garth,Marie Osmond,0.25,0.25,0.24786324786324787,0.23931623931623933,0.004273504273504272
6,2,Penn Jillette,Adam Carolla,0.9696870099119095,0.0,0.06614785992217899,0.07392996108949416,0.48095245437229717
6,2,Penn Jillette,Cristian de la Fuente,0.9696870099119095,0.0,0.06614785992217899,0.07782101167315175,0.4790069290804684
6,2,Penn Jillette,Jason Taylor,0.9696870099119095,0.0,0.06614785992217899,0.10505836575875487,0.4653882520376668
6,2,Penn Jillette,Kristi Yamaguchi,0.9696870099119095,0.0,0.06614785992217899,0.10505836575875487,0.4653882520376668
6,2,Penn Jillette,Mario,0.9696870099119095,0.0,0.06614785992217899,0.10116731517509728,0.4673337773294956
6,2,Penn Jillette,Marissa Jaret Winokur,0.9696870099119095,0.0,0.06614785992217899,0.08171206225680934,0.4770614037886396
6,2,Penn Jillette,Marlee Matlin,0.9696870099119095,0.0,0.06614785992217899,0.0933852140077821,0.4712248279131532
6,2,Penn Jillette,Priscilla Presley,0.9696870099119095,0.0,0.06614785992217899,0.08171206225680934,0.4770614037886396
6,2,Penn Jillette,Shannon Elizabeth,0.9696870099119095,0.0303129900880905,0.06614785992217899,0.0933852140077821,0.4560683328691079
6,2,Penn Jillette,Steve Guttenberg,0.9696870099119095,0.0,0.06614785992217899,0.0622568093385214,0.4867890302477835
6,3,Steve Guttenberg,Marissa Jaret Winokur,0.0,0.0,0.09210526315789473,0.08333333333333333,0.0043859649122807015
6,7,Shannon Elizabeth,Cristian de la Fuente,0.16666666666666666,0.16666666666666666,0.1650485436893204,0.1488673139158576,0.008090614886731393
6,8,Mario,Cristian de la Fuente,1.0,0.0,0.19850187265917604,0.21348314606741572,0.49250936329588013
6,8,Mario,Jason Taylor,1.0,0.0,0.19850187265917604,0.1947565543071161,0.50187265917603
6,8,Mario,Kristi Yamaguchi,1.0,0.0,0.19850187265917604,0.20599250936329588,0.49625468164794007
6,8,Mario,Marissa Jaret Winokur,1.0,0.0,0.19850187265917604,0.18726591760299627,0.5056179775280899
7,1,Jeffrey Ross,Cloris Leachman,0.04591006066382422,0.0,0.047619047619047616,0.06349206349206349,0.015018522395404174
7,1,Jeffrey Ross,Cody Linley,0.04591006066382422,0.0,0.047619047619047616,0.08134920634920635,0.0060899509668327426
7,1,Jeffrey Ross,Lance Bass,0.04591006066382422,0.0,0.047619047619047616,0.08531746031746032,0.0041058239827057585
7,1,Jeffrey Ross,Rocco DiSpirito,0.04591006066382422,0.0,0.047619047619047616,0.06944444444444445,0.012042331919213695
7,1,Jeffrey Ross,Warren Sapp,0.04591006066382422,0.0,0.047619047619047616,0.08531746031746032,0.0041058239827057585
7,1,Ted McGinley,Cloris Leachman,0.0,0.0,0.07341269841269842,0.06349206349206349,0.0049603174603174635
7,1,Ted McGinley,Rocco DiSpirito,0.0,0.0,0.07341269841269842,0.06944444444444445,0.001984126984126984
7,2,Kim Kardashian,Brooke Burke,0.2307956627978009,0.0,0.07692307692307693,0.1085972850678733,0.09956072732650226
7,2,Kim Kardashian,Cloris Leachman,0.2307956627978009,0.0,0.07692307692307693,0.06787330316742081,0.11992271827672851
7,2,Kim Kardashian,Cody Linley,0.2307956627978009,0.0,0.07692307692307693,0.09502262443438914,0.10634805764324434
7,2,Kim Kardashian,Lance Bass,0.2307956627978009,0.0,0.07692307692307693,0.09049773755656108,0.10861050108215836
7,2,Kim Kardashian,Misty May-Treanor,0.2307956627978009,0.2089187538179597,0.07692307692307693,0.09502262443438914,0.0018886807342644862
7,2,Kim Kardashian,Rocco DiSpirito,0.2307956627978009,0.0,0.07692307692307693,0.07239819004524888,0.11766027483781447
7,2,Kim Kardashian,Susan Lucci,0.2307956627978009,0.0,0.07692307692307693,0.09502262443438914,0.10634805764324434
7,2,Kim Kardashian,Toni Braxton,0.2307956627978009,0.0,0.07692307692307693,0.10407239819004525,0.10182317076541628
7,2,Kim Kardashian,Warren Sapp,0.2307956627978009,0.0,0.07692307692307693,0.1085972850678733,0.09956072732650226
7,5,Toni Braxton,Cloris Leachman,0.125,0.125,0.11282051282051282,0.1076923076923077,0.002564102564102562
7,5,Toni Braxton,Lance Bass,0.125,0.125,0.11282051282051282,0.1076923076923077,0.002564102564102562
7,7,Susan Lucci,Cody Linley,0.16666666666666666,0.16666666666666666,0.16326530612244897,0.14965986394557823,0.006802721088435368
7,7,Susan Lucci,Warren Sapp,0.16666666666666666,0.16666666666666666,0.16326530612244897,0.14285714285714285,0.010204081632653059
8,2,Belinda Carlisle,David Alan Grier,0.07692307692307693,0.07692307692307693,0.06792452830188679,0.06415094339622641,0.0018867924528301883
8,2,Belinda Carlisle,Steve Wozniak,0.07692307692307693,0.07692307692307693,0.06792452830188679,0.06415094339622641,0.0018867924528301883
8,2,Belinda Carlisle,Steve-O,0.07692307692307693,0.07692307692307693,0.06792452830188679,0.052830188679245285,0.007547169811320753
8,3,Denise Richards,Steve Wozniak,0.08333333333333333,0.08333333333333333,0.06299212598425197,0.03937007874015748,0.011811023622047244
8,3,Denise Richards,Steve-O,0.08333333333333333,0.08333333333333333,0.06299212598425197,0.05905511811023622,0.001968503937007874
8,4,Holly Madison,Steve-O,0.09090909090909091,0.09090909090909091,0.06611570247933884,0.06198347107438017,0.002066115702479339
8,5,David Alan Grier,Lawrence Taylor,0.1111111111111111,0.1111111111111111,0.10476190476190476,0.09523809523809523,0.004761904761904766
8,5,David Alan Grier,Steve-O,0.1111111111111111,0.1111111111111111,0.10476190476190476,0.08571428571428572,0.009523809523809525
8,5,David Alan Grier,Ty Murray,0.1111111111111111,0.1111111111111111,0.10476190476190476,0.1,0.0023809523809523794
8,8,Chuck Wicks,Melissa Rycroft,0.16666666666666666,0.16666666666666666,0.16346153846153846,0.14743589743589744,0.008012820512820512
8,9,Lil' Kim,Ty Murray,0.2,0.2,0.1947565543071161,0.17228464419475656,0.011235955056179775
9,3,Debi Mazar,Aaron Carter,0.03090507726269316,0.0,0.06589147286821706,0.08139534883720931,0.007700600646850455
9,3,Debi Mazar,Donny Osmond,0.03090507726269316,0.0,0.06589147286821706,0.08139534883720931,0.007700600646850455
9,3,Debi Mazar,Joanna Krupa,0.03090507726269316,0.0,0.06589147286821706,0.08914728682170543,0.0038246316546023933
9,3,Debi Mazar,Kelly Osbourne,0.03090507726269316,0.0,0.06589147286821706,0.07751937984496124,0.00963858514297449
9,3,Debi Mazar,Louie Vito,0.03090507726269316,0.0,0.06589147286821706,0.07751937984496124,0.00963858514297449
9,3,Debi Mazar,Michael Irvin,0.03090507726269316,0.0,0.06589147286821706,0.05426356589147287,0.021266492119718677
9,3,Debi Mazar,Tom DeLay,0.03090507726269316,0.0,0.06589147286821706,0.05813953488372093,0.019328507623594643
9,4,Chuck Liddell,Louie Vito,0.09090909090909091,0.09090909090909091,0.07024793388429752,0.06611570247933884,0.002066115702479339
9,4,Chuck Liddell,Michael Irvin,0.09090909090909091,0.09090909090909091,0.07024793388429752,0.06611570247933884,0.002066115702479339
9,5,Natalie Coughlin,Michael Irvin,0.1,0.1,0.09090909090909091,0.08677685950413223,0.002066115702479339
9,6,Louie Vito,Michael Irvin,0.1111111111111111,0.1111111111111111,0.09230801183542559,0.08461490828237482,0.0038465517765253823
9,6,Melissa Joan Hart,Michael Irvin,0.1111111111111111,0.1111111111111111,0.09230762721870961,0.08461490828237482,0.0038463594681673943
9,9,Joanna Krupa,Donny Osmond,0.25,0.25,0.2531258701201785,0.23125016992245911,0.010937850098859697
9,9,Joanna Krupa,Kelly Osbourne,0.25,0.25,0.2531258701201785,0.2437489628870599,0.004688453616559299
10,2,Shannen Doherty,Aiden Turner,0.546430221952555,0.0,0.09090909090909091,0.08636363636363636,0.27548783824900475
10,2,Shannen Doherty,Buzz Aldrin,0.546430221952555,0.0,0.09090909090909091,0.05454545454545454,0.2913969291580957
10,2,Shannen Doherty,Chad Ochocinco,0.546430221952555,0.0,0.09090909090909091,0.07272727272727272,0.2823060200671866
10,2,Shannen Doherty,Erin Andrews,0.546430221952555,0.0,0.09090909090909091,0.10454545454545454,0.26639692915809565
10,2,Shannen Doherty,Evan Lysacek,0.546430221952555,0.0,0.09090909090909091,0.10909090909090909,0.2641242018853684
10,2,Shannen Doherty,Jake Pavelka,0.546430221952555,0.2627789663451667,0.09090909090909091,0.09090909090909091,0.14182562780369415
10,2,Shannen Doherty,Kate Gosselin,0.546430221952555,0.0,0.09090909090909091,0.06818181818181818,0.28457874733991384
10,2,Shannen Doherty,Nicole Scherzinger,0.546430221952555,0.0,0.09090909090909091,0.12727272727272726,0.2550332927944593
10,2,Shannen Doherty,Niecy Nash,0.546430221952555,0.11528196717978567,0.09090909090909091,0.09545454545454546,0.2133014001136574
10,2,Shannen Doherty,Pamela Anderson,0.546430221952555,0.07550884452249261,0.09090909090909091,0.1,0.23091523416957663
10,4,Aiden Turner,Kate Gosselin,0.1111111111111111,0.1111111111111111,0.0889487870619946,0.0862533692722372,0.001347708894878702
10,7,Pamela Anderson,Niecy Nash,0.16666666666666666,0.16666666666666666,0.1639871382636656,0.15755627009646303,0.003215434083601282
11,5,Florence Henderson,Bristol Palin,0.125,0.125,0.11538461538461539,0.0989010989010989,0.008241758241758247
11,5,Florence Henderson,Kyle Massey,0.125,0.125,0.11538461538461539,0.10989010989010989,0.0027472527472527514
11,6,Audrina Patridge,Brandy,0.6712785598230755,0.32872144017692445,0.1545889285615942,0.17391314849856981,0.16161644985458773
11,6,Audrina Patridge,Bristol Palin,0.6712785598230755,0.0,0.1545889285615942,0.13526519171803963,0.34530114833331504
11,6,Audrina Patridge,Jennifer Grey,0.6712785598230755,0.0,0.1545889285615942,0.14009709211577046,0.3428851981344496
11,6,Audrina Patridge,Kurt Warner,0.6712785598230755,0.0,0.1545889285615942,0.10628006954612891,0.3597937094192704
11,6,Audrina Patridge,Kyle Massey,0.6712785598230755,0.0,0.1545889285615942,0.14492754323323798,0.3404699725757159
11,6,Audrina Patridge,Rick Fox,0.6712785598230755,0.0,0.1545889285615942,0.1449280263266591,0.3404697310290053
11,7,Rick Fox,Bristol Palin,0.16666666666666666,0.16666666666666666,0.16546762589928057,0.15587529976019185,0.0047961630695443624
11,7,Rick Fox,Kyle Massey,0.16666666666666666,0.16666666666666666,0.16546762589928057,0.1606714628297362,0.0023980815347721812
11,8,Kurt Warner,Bristol Palin,0.2,0.2,0.1811320754716981,0.17735849056603772,0.0018867924528301883
11,9,Brandy,Bristol Palin,0.25,0.25,0.25,0.2324561403508772,0.008771929824561403
12,4,Sugar Ray Leonard,Chelsea Kane,0.3914193342784083,0.0,0.10194174757281553,0.1262135922330097,0.18357374480910707
12,4,Sugar Ray Leonard,Chris Jericho,0.3914193342784083,0.37710782931401315,0.10194174757281553,0.11165048543689321,0.002301383550158735
12,4,Sugar Ray Leonard,Hines Ward,0.3914193342784083,0.0,0.10194174757281553,0.12135922330097088,0.1860009292751265
12,4,Sugar Ray Leonard,Kendra Wilkinson,0.3914193342784083,0.0,0.10194174757281553,0.08737864077669903,0.2029912205372624
12,4,Sugar Ray Leonard,Kirstie Alley,0.3914193342784083,0.0,0.10194174757281553,0.10679611650485436,0.19328248267318474
12,4,Sugar Ray Leonard,Petra Nemcova,0.3914193342784083,0.23147283640757846,0.10194174757281553,0.11165048543689321,0.07511888000337608
12,4,Sugar Ray Leonard,Ralph Macchio,0.3914193342784083,0.0,0.10194174757281553,0.12135922330097088,0.1860009292751265
12,4,Sugar Ray Leonard,Romeo,0.3914193342784083,0.0,0.10194174757281553,0.11165048543689321,0.19085529820716532
12,7,Kendra Wilkinson,Kirstie Alley,0.16666666666666666,0.16666666666666666,0.16180371352785147,0.15915119363395225,0.0013262599469496122
12,7,Kendra Wilkinson,Romeo,0.16666666666666666,0.16666666666666666,0.16180371352785147,0.15915119363395225,0.0013262599469496122
12,8,Romeo,Chelsea Kane,1.0,0.0,0.2,0.21153846153846154,0.49423076923076925
12,8,Romeo,Hines Ward,1.0,0.0,0.2,0.2076923076923077,0.49615384615384617
12,8,Romeo,Kirstie Alley,1.0,0.0,0.2,0.20384615384615384,0.4980769230769231
12,8,Romeo,Ralph Macchio,1.0,0.0,0.2,0.17692307692307693,0.5115384615384615
13,2,Elisabetta Canalis,Carson Kressley,0.09090909090909091,0.09090909090909091,0.09417040358744394,0.08071748878923767,0.006726457399103138
13,2,Elisabetta Canalis,Chaz Bono,0.09090909090909091,0.09090909090909091,0.09417040358744394,0.07623318385650224,0.00896860986547085
13,2,Elisabetta Canalis,David Arquette,0.09090909090909091,0.09090909090909091,0.09417040358744394,0.08071748878923767,0.006726457399103138
13,2,Elisabetta Canalis,Hope Solo,0.09090909090909091,0.09090909090909091,0.09417040358744394,0.08520179372197309,0.004484304932735425
13,3,Kristin Cavallari,Carson Kressley,0.1,0.1,0.10126582278481013,0.0970464135021097,0.002109704641350213
13,3,Kristin Cavallari,Chaz Bono,0.1,0.1,0.10126582278481013,0.0759493670886076,0.012658227848101264
13,3,Kristin Cavallari,Nancy Grace,0.1,0.1,0.10126582278481013,0.08860759493670886,0.006329113924050632
13,4,Chynna Phillips,Carson Kressley,1.0,0.0,0.10047846889952153,0.09569377990430622,0.5023923444976076
13,4,Chynna Phillips,Chaz Bono,1.0,0.0,0.10047846889952153,0.10047846889952153,0.5
13,4,Chynna Phillips,David Arquette,1.0,0.0,0.10047846889952153,0.11004784688995216,0.49521531100478466
13,4,Chynna Phillips,Hope Solo,1.0,0.0,0.10047846889952153,0.11483253588516747,0.49282296650717705
13,4,Chynna Phillips,J.R. Martinez,1.0,0.0,0.10047846889952153,0.12440191387559808,0.4880382775119617
13,4,Chynna Phillips,Nancy Grace,1.0,0.0,0.10047846889952153,0.10047846889952153,0.5
13,4,Chynna Phillips,Ricki Lake,1.0,0.0,0.10047846889952153,0.13875598086124402,0.48086124401913877
13,4,Chynna Phillips,Rob Kardashian,1.0,0.0,0.10047846889952153,0.11483253588516747,0.49282296650717705
13,7,David Arquette,Nancy Grace,0.16666666666666666,0.16666666666666666,0.16040955631399317,0.15017064846416384,0.005119453924914669
14,3,Jack Wagner,Donald Driver,1.0,0.0,0.08571428571428572,0.09285714285714286,0.49642857142857144
14,3,Jack Wagner,Gavin DeGraw,1.0,0.0,0.08571428571428572,0.08571428571428572,0.5
14,3,Jack Wagner,Gladys Knight,1.0,0.0,0.08571428571428572,0.08571428571428572,0.5
14,3,Jack Wagner,Jaleel White,1.0,0.0,0.08571428571428572,0.08928571428571429,0.4982142857142857
14,3,Jack Wagner,Katherine Jenkins,1.0,0.0,0.08571428571428572,0.10357142857142858,0.49107142857142855
14,3,Jack Wagner,Maria Menounos,1.0,0.0,0.08571428571428572,0.09642857142857143,0.49464285714285716
14,3,Jack Wagner,Melissa Gilbert,1.0,0.0,0.08571428571428572,0.08571428571428572,0.5
14,3,Jack Wagner,Roshon Fegan,1.0,0.0,0.08571428571428572,0.08928571428571429,0.4982142857142857
14,3,Jack Wagner,Sherri Sheperd,1.0,0.0,0.08571428571428572,0.08571428571428572,0.5
14,3,Jack Wagner,William Levy,1.0,0.0,0.08571428571428572,0.1,0.4928571428571429
14,4,Sherri Sheperd,Donald Driver,0.6056276845175482,0.0,0.09012875536480687,0.11587982832618025,0.28993830577808744
14,4,Sherri Sheperd,Gavin DeGraw,0.6056276845175482,0.39437231548245183,0.09012875536480687,0.09871244635193133,0.10133583902398596
14,4,Sherri Sheperd,Gladys Knight,0.6056276845175482,0.0,0.09012875536480687,0.08583690987124463,0.3049597650055552
14,4,Sherri Sheperd,Jaleel White,0.6056276845175482,0.0,0.09012875536480687,0.0944206008583691,0.300667919511993
14,4,Sherri Sheperd,Katherine Jenkins,0.6056276845175482,0.0,0.09012875536480687,0.10300429184549356,0.29637607401843075
14,4,Sherri Sheperd,Maria Menounos,0.6056276845175482,0.0,0.09012875536480687,0.11158798283261803,0.29208422852486854
14,4,Sherri Sheperd,Melissa Gilbert,0.6056276845175482,0.0,0.09012875536480687,0.0944206008583691,0.300667919511993
14,4,Sherri Sheperd,Roshon Fegan,0.6056276845175482,0.0,0.09012875536480687,0.11158798283261803,0.29208422852486854
14,4,Sherri Sheperd,William Levy,0.6056276845175482,0.0,0.09012875536480687,0.0944206008583691,0.300667919511993
14,7,Jaleel White,Donald Driver,1.0,0.0,0.13896457765667575,0.1444141689373297,0.49727520435967304
14,7,Jaleel White,Katherine Jenkins,1.0,0.0,0.13896457765667575,0.14713896457765668,0.49591280653950953
14,7,Jaleel White,Maria Menounos,1.0,0.0,0.13896457765667575,0.1553133514986376,0.49182561307901906
14,7,Jaleel White,Melissa Gilbert,1.0,0.0,0.13896457765667575,0.12806539509536785,0.5054495912806539
14,7,Jaleel White,Roshon Fegan,1.0,0.0,0.13896457765667575,0.14168937329700274,0.4986376021798365
14,7,Jaleel White,William Levy,1.0,0.0,0.13896457765667575,0.1444141689373297,0.49727520435967304
14,8,Roshon Fegan,Donald Driver,1.0,0.0,0.1712538226299694,0.16819571865443425,0.5015290519877675
14,8,Roshon Fegan,Katherine Jenkins,1.0,0.0,0.1712538226299694,0.16819571865443425,0.5015290519877675
14,8,Roshon Fegan,Maria Menounos,1.0,0.0,0.1712538226299694,0.1620795107033639,0.5045871559633027
14,8,Roshon Fegan,William Levy,1.0,0.0,0.1712538226299694,0.1743119266055046,0.4984709480122324
14,9,Maria Menounos,Donald Driver,0.25,0.25,0.2565217391304348,0.24782608695652175,0.004347826086956524
14,9,Maria Menounos,Katherine Jenkins,0.25,0.25,0.2565217391304348,0.24347826086956523,0.006521739130434787
14,9,Maria Menounos,William Levy,0.25,0.25,0.2565217391304348,0.25217391304347825,0.002173913043478276
15,2,Joey Fatone,Bristol Palin,0.034171725622297214,0.0,0.08152173913043478,0.06521739130434782,0.025238036724192087
15,2,Joey Fatone,Emmitt Smith,0.034171725622297214,0.0,0.08152173913043478,0.08152173913043478,0.017085862811148607
15,2,Joey Fatone,Gilles Marini,0.034171725622297214,0.0,0.08152173913043478,0.09239130434782608,0.011651080202452958
15,2,Joey Fatone,Kelly Monaco,0.034171725622297214,0.0,0.08152173913043478,0.07971014492753623,0.017991659912597886
15,2,Joey Fatone,Kirstie Alley,0.034171725622297214,0.0,0.08152173913043478,0.07608695652173914,0.01980325411549643
15,2,Joey Fatone,Melissa Rycroft,0.034171725622297214,0.0,0.08152173913043478,0.08514492753623189,0.015274268608250055
15,2,Joey Fatone,Shawn Johnson,0.034171725622297214,0.0,0.08152173913043478,0.09057971014492754,0.01255687730390223
15,3,Drew Lachey,Bristol Palin,0.0,0.0,0.08633093525179857,0.08093525179856115,0.002697841726618709
15,3,Helio Castroneves,Apolo Anton Ohno,1.0,0.0,0.09172661870503597,0.09172661870503597,0.5
15,3,Helio Castroneves,Bristol Palin,1.0,0.0,0.09172661870503597,0.08093525179856115,0.5053956834532374
15,3,Helio Castroneves,Emmitt Smith,1.0,0.0,0.09172661870503597,0.08992805755395683,0.5008992805755396
15,3,Helio Castroneves,Gilles Marini,1.0,0.0,0.09172661870503597,0.09172661870503597,0.5
15,3,Helio Castroneves,Kelly Monaco,1.0,0.0,0.09172661870503597,0.09712230215827339,0.4973021582733813
15,3,Helio Castroneves,Kirstie Alley,1.0,0.0,0.09172661870503597,0.08633093525179857,0.5026978417266187
15,3,Helio Castroneves,Melissa Rycroft,1.0,0.0,0.09172661870503597,0.09712230215827339,0.4973021582733813
15,3,Helio Castroneves,Sabrina Bryan,1.0,0.0,0.09172661870503597,0.09172661870503597,0.5
15,3,Helio Castroneves,Shawn Johnson,1.0,0.0,0.09172661870503597,0.09532374100719425,0.4982014388489209
15,4,Bristol Palin,Kirstie Alley,0.1111111111111111,0.1111111111111111,0.09953343701399689,0.09331259720062209,0.003110419906687402
15,6,Sabrina Bryan,Apolo Anton Ohno,1.0,0.0,0.13274336283185842,0.13274336283185842,0.5
15,6,Sabrina Bryan,Emmitt Smith,1.0,0.0,0.13274336283185842,0.1172566371681416,0.5077433628318584
15,6,Sabrina Bryan,Gilles Marini,1.0,0.0,0.13274336283185842,0.12168141592920353,0.5055309734513275
15,6,Sabrina Bryan,Kelly Monaco,1.0,0.0,0.13274336283185842,0.11946902654867257,0.5066371681415929
15,6,Sabrina Bryan,Kirstie Alley,1.0,0.0,0.13274336283185842,0.12168141592920353,0.5055309734513275
15,6,Sabrina Bryan,Melissa Rycroft,1.0,0.0,0.13274336283185842,0.13053097345132744,0.5011061946902655
15,6,Sabrina Bryan,Shawn Johnson,1.0,0.0,0.13274336283185842,0.12389380530973451,0.504424778761062
15,8,Gilles Marini,Emmitt Smith,0.14285714285714285,0.14285714285714285,0.1469193195013584,0.1458037890899821,0.0005577652056881488
15,8,Gilles Marini,Kelly Monaco,0.14285714285714285,0.14285714285714285,0.1469193195013584,0.1421801970519487,0.002369561224704844
15,8,Gilles Marini,Shawn Johnson,0.14285714285714285,0.14285714285714285,0.1469193195013584,0.13967113179919047,0.003624093851083962
15,9,Apolo Anton Ohno,Kelly Monaco,0.2,0.2,0.20291532535175608,0.19227700484469115,0.005319160253532462
16,3,Wynonna Judd,Alexandra Raisman,0.3046908909382804,0.0,0.06382989588067384,0.09787250701703322,0.1353241399009605
16,3,Wynonna Judd,Andy Dick,0.3046908909382804,0.0,0.06382989588067384,0.07659587505680861,0.14596245588107282
16,3,Wynonna Judd,D. L. Hughley,0.3046908909382804,0.0,0.06382989588067384,0.06808522227271877,0.15021778227311772
16,3,Wynonna Judd,Ingo Rademacher,0.3046908909382804,0.0,0.06382989588067384,0.08936185423294338,0.13957946629300544
16,3,Wynonna Judd,Jacoby Jones,0.3046908909382804,0.0,0.06382989588067384,0.11063763512788959,0.1289415758455323
16,3,Wynonna Judd,Kellie Pickler,0.3046908909382804,0.0,0.06382989588067384,0.10638315980112308,0.13106881350891558
16,3,Wynonna Judd,Victor Ortiz,0.3046908909382804,0.0,0.06382989588067384,0.09787250701703322,0.1353241399009605
16,3,Wynonna Judd,Zendaya,0.3046908909382804,0.0,0.06382989588067384,0.11063763512788959,0.1289415758455323
16,10,Alexandra Raisman,Jacoby Jones,0.25,0.25,0.24786345971235874,0.2393155891586232,0.004273935276867771
17,2,Keyshawn Johnson,Amber Riley,1.0,0.0,0.06766917293233082,0.09022556390977443,0.4887218045112782
17,2,Keyshawn Johnson,Bill Engvall,1.0,0.0,0.06766917293233082,0.07894736842105263,0.4943609022556391
17,2,Keyshawn Johnson,Bill Nye,1.0,0.0,0.06766917293233082,0.06390977443609022,0.5018796992481203
17,2,Keyshawn Johnson,Brant Daugherty,1.0,0.0,0.06766917293233082,0.08646616541353383,0.4906015037593985
17,2,Keyshawn Johnson,Christina Milian,1.0,0.0,0.06766917293233082,0.09398496240601503,0.4868421052631579
17,2,Keyshawn Johnson,Corbin Bleu,1.0,0.0,0.06766917293233082,0.09774436090225563,0.4849624060150376
17,2,Keyshawn Johnson,Elizabeth Berkley Lauren,1.0,0.0,0.06766917293233082,0.09398496240601503,0.4868421052631579
17,2,Keyshawn Johnson,Jack Osbourne,1.0,0.0,0.06766917293233082,0.09022556390977443,0.4887218045112782
17,2,Keyshawn Johnson,Leah Remini,1.0,0.0,0.06766917293233082,0.09022556390977443,0.4887218045112782
17,2,Keyshawn Johnson,"Nicole ""Snooki"" Polizzi",1.0,0.0,0.06766917293233082,0.07518796992481203,0.49624060150375937
17,2,Keyshawn Johnson,Valerie Harper,1.0,0.0,0.06766917293233082,0.07142857142857142,0.4981203007518797
17,5,Christina Milian,Amber Riley,1.0,0.0,0.11914893617021277,0.11063829787234042,0.5042553191489362
17,5,Christina Milian,Bill Engvall,1.0,0.0,0.11914893617021277,0.10212765957446808,0.5085106382978724
17,5,Christina Milian,Brant Daugherty,1.0,0.0,0.11914893617021277,0.1148936170212766,0.5021276595744681
17,5,Christina Milian,Corbin Bleu,1.0,0.0,0.11914893617021277,0.11914893617021277,0.5
17,5,Christina Milian,Elizabeth Berkley Lauren,1.0,0.0,0.11914893617021277,0.11063829787234042,0.5042553191489362
17,5,Christina Milian,Jack Osbourne,1.0,0.0,0.11914893617021277,0.1148936170212766,0.5021276595744681
17,5,Christina Milian,Leah Remini,1.0,0.0,0.11914893617021277,0.09361702127659574,0.5127659574468085
17,5,Christina Milian,"Nicole ""Snooki"" Polizzi",1.0,0.0,0.11914893617021277,0.1148936170212766,0.5021276595744681
17,7,"Nicole ""Snooki"" Polizzi",Bill Engvall,0.125,0.125,0.12189616252821671,0.11286681715575621,0.0045146726862302505
17,7,"Nicole ""Snooki"" Polizzi",Leah Remini,0.125,0.125,0.12189616252821671,0.11963882618510158,0.001128668171557566
17,8,Brant Daugherty,Bill Engvall,0.14285714285714285,0.14285714285714285,0.140625,0.125,0.0078125
17,8,Brant Daugherty,Elizabeth Berkley Lauren,0.14285714285714285,0.14285714285714285,0.140625,0.13020833333333334,0.005208333333333329
17,9,Elizabeth Berkley Lauren,Amber Riley,0.16666666666666666,0.16666666666666666,0.17777777777777778,0.1619047619047619,0.007936507936507936
17,9,Elizabeth Berkley Lauren,Bill Engvall,0.16666666666666666,0.16666666666666666,0.17777777777777778,0.13333333333333333,0.022222222222222227
17,9,Elizabeth Berkley Lauren,Jack Osbourne,0.16666666666666666,0.16666666666666666,0.17777777777777778,0.17142857142857143,0.003174603174603177
17,9,Elizabeth Berkley Lauren,Leah Remini,0.16666666666666666,0.16666666666666666,0.17777777777777778,0.17142857142857143,0.003174603174603177
17,10,Leah Remini,Bill Engvall,0.2,0.2,0.18571428571428572,0.17142857142857143,0.007142857142857145
18,2,Sean Avery,Billy Dee Williams,0.0,0.0,0.0860655737704918,0.06147540983606557,0.012295081967213115
18,5,Cody Simpson,Drew Carey,0.1111111111111111,0.1111111111111111,0.10559006211180125,0.08695652173913043,0.009316770186335407
18,8,Danica McKellar,Candace Cameron Bure,0.16666666666666666,0.16666666666666666,0.168141592920354,0.1592920353982301,0.004424778761061954
18,8,Danica McKellar,James Maslow,0.16666666666666666,0.16666666666666666,0.168141592920354,0.1592920353982301,0.004424778761061954
18,8,Danica McKellar,Meryl Davis,0.16666666666666666,0.16666666666666666,0.168141592920354,0.1592920353982301,0.004424778761061954
18,9,Charlie White,Candace Cameron Bure,0.2,0.2,0.19895287958115182,0.18848167539267016,0.005235602094240829
18,10,James Maslow,Candace Cameron Bure,0.25,0.25,0.2529075649013137,0.22674296916969572,0.013082297865809
19,1,Lolo Jones,Alfonso Ribeiro,0.7149187655347444,0.0,0.05913978494623656,0.0967741935483871,0.33864217846629696
19,1,Lolo Jones,Antonio Sabato Jr.,0.7149187655347444,0.0,0.05913978494623656,0.06720430107526881,0.3534271247028561
19,1,Lolo Jones,Bethany Mota,0.7149187655347444,0.0,0.05913978494623656,0.08602150537634409,0.34401852255231846
19,1,Lolo Jones,Betsey Johnson,0.7149187655347444,0.0,0.05913978494623656,0.053763440860215055,0.36014755481038296
19,1,Lolo Jones,Janel Parrish,0.7149187655347444,0.0,0.05913978494623656,0.07795698924731183,0.3480507806168346
19,1,Lolo Jones,Jonathan Bennett,0.7149187655347444,0.0,0.05913978494623656,0.08064516129032258,0.3467066945953292
19,1,Lolo Jones,Lea Thompson,0.7149187655347444,0.040673465237231934,0.05913978494623656,0.08602150537634409,0.3236817899337025
19,1,Lolo Jones,Michael Waltrip,0.7149187655347444,0.0,0.05913978494623656,0.06720430107526881,0.3534271247028561
19,1,Lolo Jones,Randy Couture,0.7149187655347444,0.0,0.05913978494623656,0.08333333333333333,0.34536260857382384
19,1,Lolo Jones,Sadie Robertson,0.7149187655347444,0.0,0.05913978494623656,0.0913978494623656,0.3413303505093077
19,1,Lolo Jones,Tavis Smiley,0.7149187655347444,0.24440776922802362,0.05913978494623656,0.07795698924731183,0.22584689600282276
19,1,Lolo Jones,Tommy Chong,0.7149187655347444,0.0,0.05913978494623656,0.07258064516129033,0.35073895265984534
19,2,Tavis Smiley,Michael Waltrip,0.08333333333333333,0.08333333333333333,0.07734806629834254,0.06629834254143646,0.0055248618784530384
19,4,Betsey Johnson,Alfonso Ribeiro,1.0,0.0,0.090625,0.125,0.4828125
19,4,Betsey Johnson,Antonio Sabato Jr.,1.0,0.0,0.090625,0.090625,0.5
19,4,Betsey Johnson,Bethany Mota,1.0,0.0,0.090625,0.103125,0.49375
19,4,Betsey Johnson,Janel Parrish,1.0,0.0,0.090625,0.1125,0.4890625
19,4,Betsey Johnson,Jonathan Bennett,1.0,0.0,0.090625,0.075,0.5078125
19,4,Betsey Johnson,Lea Thompson,1.0,0.0,0.090625,0.121875,0.484375
19,4,Betsey Johnson,Michael Waltrip,1.0,0.0,0.090625,0.078125,0.50625
19,4,Betsey Johnson,Sadie Robertson,1.0,0.0,0.090625,0.115625,0.4875
19,4,Betsey Johnson,Tommy Chong,1.0,0.0,0.090625,0.0875,0.5015625
19,6,Jonathan Bennett,Antonio Sabato Jr.,0.1111111111111111,0.1111111111111111,0.10921501706484642,0.09556313993174062,0.0068259385665528985
19,6,Jonathan Bennett,Michael Waltrip,0.1111111111111111,0.1111111111111111,0.10921501706484642,0.10238907849829351,0.0034129692832764527
19,6,Jonathan Bennett,Tommy Chong,0.1111111111111111,0.1111111111111111,0.10921501706484642,0.09556313993174062,0.0068259385665528985
19,7,Antonio Sabato Jr.,Michael Waltrip,0.125,0.125,0.11411992263056092,0.10831721470019343,0.0029013539651837478
19,9,Lea Thompson,Alfonso Ribeiro,1.0,0.0,0.16355140186915887,0.17990654205607476,0.49182242990654207
19,9,Lea Thompson,Bethany Mota,1.0,0.0,0.16355140186915887,0.17289719626168223,0.4953271028037383
19,9,Lea Thompson,Janel Parrish,1.0,0.0,0.16355140186915887,0.17990654205607476,0.49182242990654207
19,9,Lea Thompson,Sadie Robertson,1.0,0.0,0.16355140186915887,0.1705607476635514,0.49649532710280375
19,9,Lea Thompson,Tommy Chong,1.0,0.0,0.16355140186915887,0.13317757009345793,0.5151869158878505
20,2,Redfoo,Charlotte McKinney,1.0,0.0,0.0893371757925072,0.07492795389048991,0.5072046109510087
20,2,Redfoo,Chris Soules,1.0,0.0,0.0893371757925072,0.06051873198847262,0.5144092219020173
20,2,Redfoo,Michael Sam,1.0,0.0,0.0893371757925072,0.08069164265129683,0.5043227665706052
20,2,Redfoo,Nastia Liukin,1.0,0.0,0.0893371757925072,0.09798270893371758,0.4956772334293948
20,2,Redfoo,Noah Galloway,1.0,0.0,0.0893371757925072,0.07780979827089338,0.5057636887608069
20,2,Redfoo,Patti LaBelle,1.0,0.0,0.0893371757925072,0.08069164265129683,0.5043227665706052
20,2,Redfoo,Riker Lynch,1.0,0.0,0.0893371757925072,0.09221902017291066,0.49855907780979825
20,2,Redfoo,Robert Herjavec,1.0,0.0,0.0893371757925072,0.08069164265129683,0.5043227665706052
20,2,Redfoo,Rumer Willis,1.0,0.0,0.0893371757925072,0.09221902017291066,0.49855907780979825
20,2,Redfoo,Suzanne Somers,1.0,0.0,0.0893371757925072,0.08069164265129683,0.5043227665706052
20,2,Redfoo,Willow Shields,1.0,0.0,0.0893371757925072,0.09221902017291066,0.49855907780979825
20,4,Michael Sam,Chris Soules,0.1,0.1,0.09230769230769231,0.08307692307692308,0.004615384615384618
20,4,Michael Sam,Suzanne Somers,0.1,0.1,0.09230769230769231,0.08615384615384615,0.0030769230769230813
20,5,Suzanne Somers,Chris Soules,0.1111111111111111,0.1111111111111111,0.0989399293286219,0.09540636042402827,0.0017667844522968185
20,5,Suzanne Somers,Patti LaBelle,0.1111111111111111,0.1111111111111111,0.0989399293286219,0.09540636042402827,0.0017667844522968185
20,5,Suzanne Somers,Robert Herjavec,0.1111111111111111,0.1111111111111111,0.0989399293286219,0.08480565371024736,0.007067137809187274
20,6,Patti LaBelle,Robert Herjavec,0.125,0.125,0.12014134275618374,0.11837455830388692,0.0008833922261484092
20,7,Willow Shields,Chris Soules,0.4573136621587911,0.0,0.15354330708661418,0.1220472440944882,0.24440486257545854
20,7,Willow Shields,Noah Galloway,0.4573136621587911,0.0,0.15354330708661418,0.14960629921259844,0.23062533501640342
20,7,Willow Shields,Riker Lynch,0.4573136621587911,0.0,0.15354330708661418,0.14566929133858267,0.2325938389534113
20,7,Willow Shields,Robert Herjavec,0.4573136621587911,0.0,0.15354330708661418,0.1220472440944882,0.24440486257545854
20,7,Willow Shields,Rumer Willis,0.4573136621587911,0.0,0.15354330708661418,0.14566929133858267,0.2325938389534113
20,8,Chris Soules,Noah Galloway,0.16666666666666666,0.16666666666666666,0.15130023640661938,0.14893617021276595,0.0011820330969267157
20,9,Nastia Liukin,Noah Galloway,0.25,0.25,0.25477707006369427,0.24203821656050956,0.006369426751592355
20,9,Nastia Liukin,Rumer Willis,0.25,0.25,0.25477707006369427,0.2484076433121019,0.0031847133757961776
21,2,Victor Espinoza,Alek Skarlatos,1.0,0.0,0.06839186691312385,0.08317929759704251,0.4926062846580407
21,2,Victor Espinoza,Alexa PenaVega,1.0,0.0,0.06839186691312385,0.08502772643253234,0.49168207024029575
21,2,Victor Espinoza,Andy Grammer,1.0,0.0,0.06839186691312385,0.08133086876155268,0.4935304990757856
21,2,Victor Espinoza,Bindi Irwin,1.0,0.0,0.06839186691312385,0.08872458410351201,0.4898336414048059
21,2,Victor Espinoza,Carlos PenaVega,1.0,0.0,0.06839186691312385,0.08317929759704251,0.4926062846580407
21,2,Victor Espinoza,Gary Busey,1.0,0.0,0.06839186691312385,0.06099815157116451,0.5036968576709797
21,2,Victor Espinoza,Hayes Grier,1.0,0.0,0.06839186691312385,0.08317929759704251,0.4926062846580407
21,2,Victor Espinoza,Kim Zolciak-Biermann,1.0,0.0,0.06839186691312385,0.06839186691312385,0.5
21,2,Victor Espinoza,Nick Carter,1.0,0.0,0.06839186691312385,0.08317929759704251,0.4926062846580407
21,2,Victor Espinoza,Paula Deen,1.0,0.0,0.06839186691312385,0.06839186691312385,0.5
21,2,Victor Espinoza,Tamar Braxton,1.0,0.0,0.06839186691312385,0.09057301293900184,0.488909426987061
21,7,Hayes Grier,Alek Skarlatos,1.0,0.0,0.12669683257918551,0.11990950226244344,0.503393665158371
21,7,Hayes Grier,Alexa PenaVega,1.0,0.0,0.12669683257918551,0.1244343891402715,0.501131221719457
21,7,Hayes Grier,Andy Grammer,1.0,0.0,0.12669683257918551,0.12669683257918551,0.5
21,7,Hayes Grier,Bindi Irwin,1.0,0.0,0.12669683257918551,0.13122171945701358,0.497737556561086
21,7,Hayes Grier,Carlos PenaVega,1.0,0.0,0.12669683257918551,0.12669683257918551,0.5
21,7,Hayes Grier,Nick Carter,1.0,0.0,0.12669683257918551,0.12217194570135746,0.502262443438914
21,7,Hayes Grier,Tamar Braxton,1.0,0.0,0.12669683257918551,0.12217194570135746,0.502262443438914
21,9,Alexa PenaVega,Alek Skarlatos,1.0,0.0,0.182370820668693,0.15501519756838905,0.513677811550152
21,9,Alexa PenaVega,Bindi Irwin,1.0,0.0,0.182370820668693,0.182370820668693,0.5
21,9,Alexa PenaVega,Carlos PenaVega,1.0,0.0,0.182370820668693,0.1641337386018237,0.5091185410334347
21,9,Alexa PenaVega,Nick Carter,1.0,0.0,0.182370820668693,0.16717325227963525,0.5075987841945289
21,9,Alexa PenaVega,Tamar Braxton,1.0,0.0,0.182370820668693,0.14893617021276595,0.5167173252279635
21,11,Carlos PenaVega,Alek Skarlatos,0.25,0.25,0.25423750359110475,0.23728748922668577,0.00847500718220949
22,4,Marla Maples,Antonio Brown,0.5145724620961528,0.0,0.0877742946708464,0.109717868338558,0.2463144442142206
22,4,Marla Maples,Doug Flutie,0.5145724620961528,0.0,0.0877742946708464,0.07523510971786834,0.2635558235245654
22,4,Marla Maples,Ginger Zee,0.5145724620961528,0.0,0.0877742946708464,0.11285266457680251,0.24474704609509834
22,4,Marla Maples,Jodie Sweetin,0.5145724620961528,0.0,0.0877742946708464,0.08463949843260188,0.2588536291671987
22,4,Marla Maples,Kim Fields,0.5145724620961528,0.2435077372711116,0.0877742946708464,0.10031347962382445,0.12926276993603156
22,4,Marla Maples,Nyle DiMarco,0.5145724620961528,0.0,0.0877742946708464,0.10658307210031348,0.24788184233334287
22,4,Marla Maples,Paige VanZant,0.5145724620961528,0.0,0.0877742946708464,0.11285266457680251,0.24474704609509834
22,4,Marla Maples,Von Miller,0.5145724620961528,0.24191980063273566,0.0877742946708464,0.10031347962382445,0.13005673825521955
22,4,Marla Maples,Wanya Morris,0.5145724620961528,0.0,0.0877742946708464,0.109717868338558,0.2463144442142206
22,7,Kim Fields,Jodie Sweetin,0.125,0.125,0.12149532710280374,0.1191588785046729,0.0011682242990654207
22,7,Von Miller,Jodie Sweetin,0.125,0.125,0.12149532710280374,0.1191588785046729,0.0011682242990654207
22,8,Jodie Sweetin,Antonio Brown,1.0,0.0,0.17751479289940827,0.15976331360946747,0.5088757396449703
22,8,Jodie Sweetin,Ginger Zee,1.0,0.0,0.17751479289940827,0.17751479289940827,0.5
22,8,Jodie Sweetin,Nyle DiMarco,1.0,0.0,0.17751479289940827,0.17159763313609466,0.5029585798816568
22,8,Jodie Sweetin,Paige VanZant,1.0,0.0,0.17751479289940827,0.16568047337278108,0.5059171597633136
22,8,Jodie Sweetin,Wanya Morris,1.0,0.0,0.17751479289940827,0.14792899408284024,0.514792899408284
22,9,Wanya Morris,Ginger Zee,0.2,0.2,0.20905923344947736,0.1951219512195122,0.006968641114982577
22,9,Wanya Morris,Nyle DiMarco,0.2,0.2,0.20905923344947736,0.1986062717770035,0.0052264808362369325
22,9,Wanya Morris,Paige VanZant,0.2,0.2,0.20905923344947736,0.20557491289198607,0.0017421602787456442
23,2,Jake T. Austin,Amber Rose,0.4343488753710957,0.0,0.06818181818181818,0.06818181818181818,0.21717443768554784
23,2,Jake T. Austin,Calvin Johnson Jr.,0.4343488753710957,0.0,0.06818181818181818,0.07954545454545454,0.21149261950372966
23,2,Jake T. Austin,James Hinchcliffe,0.4343488753710957,0.0,0.06818181818181818,0.08238636363636363,0.2100721649582751
23,2,Jake T. Austin,Jana Kramer,0.4343488753710957,0.0,0.06818181818181818,0.08238636363636363,0.2100721649582751
23,2,Jake T. Austin,Laurie Hernandez,0.4343488753710957,0.0,0.06818181818181818,0.09090909090909091,0.20581080132191149
23,2,Jake T. Austin,Marilu Henner,0.4343488753710957,0.0,0.06818181818181818,0.07670454545454546,0.2129130740491842
23,2,Jake T. Austin,Maureen McCormick,0.4343488753710957,0.0,0.06818181818181818,0.07386363636363637,0.21433352859463875
23,2,Jake T. Austin,Rick Perry,0.4343488753710957,0.0,0.06818181818181818,0.0625,0.22001534677645693
23,2,Jake T. Austin,Ryan Lochte,0.4343488753710957,0.0,0.06818181818181818,0.06818181818181818,0.21717443768554784
23,2,Jake T. Austin,Terra Jole,0.4343488753710957,0.0,0.06818181818181818,0.08806818181818182,0.20723125586736602
23,2,Jake T. Austin,Vanilla Ice,0.4343488753710957,0.0,0.06818181818181818,0.07386363636363637,0.21433352859463875
23,4,Vanilla Ice,Marilu Henner,0.09090909090909091,0.09090909090909091,0.08812260536398467,0.08045977011494253,0.0038314176245210704
23,4,Vanilla Ice,Ryan Lochte,0.09090909090909091,0.09090909090909091,0.08812260536398467,0.0842911877394636,0.0019157088122605317
23,7,Maureen McCormick,Marilu Henner,0.125,0.125,0.11978221415607986,0.1161524500907441,0.0018148820326678791
23,8,Ryan Lochte,Calvin Johnson Jr.,1.0,0.0,0.12935336254065924,0.14925387985460684,0.4900497413430262
23,8,Ryan Lochte,James Hinchcliffe,1.0,0.0,0.12935336254065924,0.1741285314711756,0.4776124155347418
23,8,Ryan Lochte,Jana Kramer,1.0,0.0,0.12935336254065924,0.14925387985460684,0.4900497413430262
23,8,Ryan Lochte,Laurie Hernandez,1.0,0.0,0.12935336254065924,0.1641792678400675,0.4825870473502959
23,8,Ryan Lochte,Marilu Henner,1.0,0.0,0.12935336254065924,0.11442797455519857,0.5074626939927304
23,8,Ryan Lochte,Terra Jole,1.0,0.0,0.12935336254065924,0.11940310388368545,0.5049751293284869
23,10,Terra Jole,Calvin Johnson Jr.,0.2,0.2,0.20477815699658702,0.19112627986348124,0.0068259385665528916
23,10,Terra Jole,James Hinchcliffe,0.2,0.2,0.20477815699658702,0.20136518771331058,0.0017064846416382229
23,10,Terra Jole,Jana Kramer,0.2,0.2,0.20477815699658702,0.19795221843003413,0.0034129692832764458
24,5,Erika Jayne,Bonner Bolton,0.1111111111111111,0.1111111111111111,0.10526315789473684,0.09868421052631579,0.0032894736842105227
24,5,Erika Jayne,David Ross,0.1111111111111111,0.1111111111111111,0.10526315789473684,0.09539473684210527,0.004934210526315784
24,6,Heather Morris,Bonner Bolton,1.0,0.0,0.137546468401487,0.1171003717472119,0.5102230483271375
24,6,Heather Morris,David Ross,1.0,0.0,0.137546468401487,0.11524163568773234,0.5111524163568774
24,6,Heather Morris,Nancy Kerrigan,1.0,0.0,0.137546468401487,0.12453531598513011,0.5065055762081785
24,6,Heather Morris,Nick Viall,1.0,0.0,0.137546468401487,0.11338289962825279,0.5120817843866171
24,6,Heather Morris,Normani,1.0,0.0,0.137546468401487,0.13382899628252787,0.5018587360594795
24,6,Heather Morris,Rashad Jennings,1.0,0.0,0.137546468401487,0.13011152416356878,0.5037174721189591
24,6,Heather Morris,Simone Biles,1.0,0.0,0.137546468401487,0.12825278810408922,0.5046468401486989
24,7,Nancy Kerrigan,Bonner Bolton,0.14285714285714285,0.14285714285714285,0.1422924901185771,0.1225296442687747,0.009881422924901191
24,7,Nancy Kerrigan,David Ross,0.14285714285714285,0.14285714285714285,0.1422924901185771,0.12648221343873517,0.007905138339920958
24,7,Nick Viall,Bonner Bolton,0.14285714285714285,0.14285714285714285,0.13438735177865613,0.1225296442687747,0.005928853754940712
24,7,Nick Viall,David Ross,0.14285714285714285,0.14285714285714285,0.13438735177865613,0.12648221343873517,0.003952569169960479
24,9,Simone Biles,David Ross,0.25,0.25,0.264026402640264,0.23102310231023102,0.016501650165016493
24,9,Simone Biles,Normani,0.25,0.25,0.264026402640264,0.2508250825082508,0.006600660066006597
24,9,Simone Biles,Rashad Jennings,0.25,0.25,0.264026402640264,0.25412541254125415,0.004950495049504927
25,2,Barbara Corcoran,Derek Fisher,0.6450636997394579,0.0,0.062157221206581355,0.06946983546617916,0.31887554273993
25,2,Barbara Corcoran,Drew Scott,0.6450636997394579,0.0,0.062157221206581355,0.07495429616087751,0.31613331239258086
25,2,Barbara Corcoran,Frankie Muniz,0.6450636997394579,0.0,0.062157221206581355,0.08775137111517367,0.3097347749154328
25,2,Barbara Corcoran,Jordan Fisher,0.6450636997394579,0.0,0.062157221206581355,0.08775137111517367,0.3097347749154328
25,2,Barbara Corcoran,Lindsey Stirling,0.6450636997394579,0.0,0.062157221206581355,0.08226691042047532,0.31247700526278194
25,2,Barbara Corcoran,Nick Lachey,0.6450636997394579,0.0,0.062157221206581355,0.06946983546617916,0.31887554273993
25,2,Barbara Corcoran,Nikki Bella,0.6450636997394579,0.0,0.062157221206581355,0.0712979890310786,0.3179614659574803
25,2,Barbara Corcoran,Sasha Pieterse,0.6450636997394579,0.0,0.062157221206581355,0.08226691042047532,0.31247700526278194
25,2,Barbara Corcoran,Terrell Owens,0.6450636997394579,0.0,0.062157221206581355,0.0712979890310786,0.3179614659574803
25,2,Barbara Corcoran,Vanessa Lachey,0.6450636997394579,0.0,0.062157221206581355,0.08592321755027423,0.3106488516978825
25,2,Barbara Corcoran,Victoria Arlen,0.6450636997394579,0.0,0.062157221206581355,0.08043875685557587,0.3133910820452317
25,2,Debbie Gibson,Derek Fisher,0.3549363002605422,0.0,0.07495429616087751,0.06946983546617916,0.18021038047762028
25,2,Debbie Gibson,Drew Scott,0.3549363002605422,0.0,0.07495429616087751,0.07495429616087751,0.1774681501302711
25,2,Debbie Gibson,Frankie Muniz,0.3549363002605422,0.0,0.07495429616087751,0.08775137111517367,0.171069612653123
25,2,Debbie Gibson,Jordan Fisher,0.3549363002605422,0.0,0.07495429616087751,0.08775137111517367,0.171069612653123
25,2,Debbie Gibson,Lindsey Stirling,0.3549363002605422,0.0,0.07495429616087751,0.08226691042047532,0.1738118430004722
25,2,Debbie Gibson,Nick Lachey,0.3549363002605422,0.0,0.07495429616087751,0.06946983546617916,0.18021038047762028
25,2,Debbie Gibson,Nikki Bella,0.3549363002605422,0.0,0.07495429616087751,0.0712979890310786,0.17929630369517055
25,2,Debbie Gibson,Sasha Pieterse,0.3549363002605422,0.0,0.07495429616087751,0.08226691042047532,0.1738118430004722
25,2,Debbie Gibson,Terrell Owens,0.3549363002605422,0.0,0.07495429616087751,0.0712979890310786,0.17929630369517055
25,2,Debbie Gibson,Vanessa Lachey,0.3549363002605422,0.0,0.07495429616087751,0.08592321755027423,0.17198368943557274
25,2,Debbie Gibson,Victoria Arlen,0.3549363002605422,0.0,0.07495429616087751,0.08043875685557587,0.1747259197829219
25,4,Derek Fisher,Nick Lachey,0.09090909090909091,0.09090909090909091,0.08487084870848709,0.08118081180811808,0.0018450184501845046
25,5,Sasha Pieterse,Drew Scott,1.0,0.0,0.09195402298850575,0.09578544061302682,0.49808429118773945
25,5,Sasha Pieterse,Frankie Muniz,1.0,0.0,0.09195402298850575,0.1111111111111111,0.49042145593869735
25,5,Sasha Pieterse,Jordan Fisher,1.0,0.0,0.09195402298850575,0.11494252873563218,0.4885057471264368
25,5,Sasha Pieterse,Lindsey Stirling,1.0,0.0,0.09195402298850575,0.10727969348659004,0.49233716475095785
25,5,Sasha Pieterse,Nick Lachey,1.0,0.0,0.09195402298850575,0.0842911877394636,0.5038314176245211
25,5,Sasha Pieterse,Nikki Bella,1.0,0.0,0.09195402298850575,0.10344827586206896,0.4942528735632184
25,5,Sasha Pieterse,Terrell Owens,1.0,0.0,0.09195402298850575,0.09578544061302682,0.49808429118773945
25,5,Sasha Pieterse,Vanessa Lachey,1.0,0.0,0.09195402298850575,0.09195402298850575,0.5
25,5,Sasha Pieterse,Victoria Arlen,1.0,0.0,0.09195402298850575,0.10344827586206896,0.4942528735632184
25,7,Vanessa Lachey,Drew Scott,1.0,0.0,0.12558139534883722,0.1325581395348837,0.4965116279069768
25,7,Vanessa Lachey,Frankie Muniz,1.0,0.0,0.12558139534883722,0.13953488372093023,0.4930232558139535
25,7,Vanessa Lachey,Jordan Fisher,1.0,0.0,0.12558139534883722,0.12558139534883722,0.5
25,7,Vanessa Lachey,Lindsey Stirling,1.0,0.0,0.12558139534883722,0.1186046511627907,0.5034883720930232
25,7,Vanessa Lachey,Terrell Owens,1.0,0.0,0.12558139534883722,0.11395348837209303,0.5058139534883721
25,7,Vanessa Lachey,Victoria Arlen,1.0,0.0,0.12558139534883722,0.1325581395348837,0.4965116279069768
25,8,Terrell Owens,Drew Scott,0.16666666666666666,0.16666666666666666,0.16293929712460065,0.1501597444089457,0.006389776357827476
25,8,Terrell Owens,Victoria Arlen,0.16666666666666666,0.16666666666666666,0.16293929712460065,0.15335463258785942,0.004792332268370614
25,9,Victoria Arlen,Drew Scott,0.2,0.2,0.2074074074074074,0.17777777777777778,0.014814814814814808
25,9,Victoria Arlen,Frankie Muniz,0.2,0.2,0.2074074074074074,0.18888888888888888,0.009259259259259259
26,1,Jamie Anderson,Kareem Abdul-Jabbar,0.1,0.1,0.09047619047619047,0.08095238095238096,0.004761904761904759
26,1,Johnny Damon,Kareem Abdul-Jabbar,0.1,0.1,0.08571428571428572,0.08095238095238096,0.0023809523809523794
26,2,Arike Ogunbowale,Chris Mazdzer,0.0,0.0,0.1308411214953271,0.1233644859813084,0.003738317757009342
26,2,Arike Ogunbowale,Jennie Finch Daigle,0.0,0.0,0.1308411214953271,0.11775700934579439,0.00654205607476635
26,2,Arike Ogunbowale,Josh Norman,0.0,0.0,0.1308411214953271,0.11775700934579439,0.00654205607476635
26,2,Arike Ogunbowale,Tonya Harding,0.0,0.0,0.1308411214953271,0.1233644859813084,0.003738317757009342
27,1,Nikki Glaser,Joe Amabile,0.07692307692307693,0.07692307692307693,0.06862745098039216,0.054901960784313725,0.006862745098039219
27,2,Danelle Umstead,Joe Amabile,0.08333333333333333,0.08333333333333333,0.06839186691312385,0.06469500924214418,0.0018484288354898362
27,3,Nancy McKeon,Joe Amabile,0.09090909090909091,0.09090909090909091,0.08118081180811808,0.06642066420664207,0.0073800738007380046
27,3,Nancy McKeon,John Schneider,0.09090909090909091,0.09090909090909091,0.08118081180811808,0.07749077490774908,0.0018450184501844977
27,4,Tinashe,Alexis Ren,0.5812295631947835,0.0,0.11206896551724138,0.10775862068965517,0.29276995401118483
27,4,Tinashe,Bobby Bones,0.5812295631947835,0.0,0.11206896551724138,0.08620689655172414,0.30354581608015035
27,4,Tinashe,DeMarcus Ware,0.5812295631947835,0.0,0.11206896551724138,0.09482758620689655,0.29923547125256417
27,4,Tinashe,Evanna Lynch,0.5812295631947835,0.0,0.11206896551724138,0.10344827586206896,0.2949251264249779
27,4,Tinashe,Joe Amabile,0.5812295631947835,0.0,0.11206896551724138,0.06465517241379311,0.3143216781491159
27,4,Tinashe,John Schneider,0.5812295631947835,0.0,0.11206896551724138,0.09051724137931035,0.30139064366635726
27,4,Tinashe,Juan Pablo Di Pace,0.5812295631947835,0.0,0.11206896551724138,0.10344827586206896,0.2949251264249779
27,4,Tinashe,Mary Lou Retton,0.5812295631947835,0.4187704368052164,0.11206896551724138,0.11206896551724138,0.08122956319478353
27,4,Tinashe,Milo Manheim,0.5812295631947835,0.0,0.11206896551724138,0.125,0.2841492643560124
27,6,Mary Lou Retton,Alexis Ren,1.0,0.0,0.10480349344978165,0.11790393013100436,0.49344978165938863
27,6,Mary Lou Retton,Bobby Bones,1.0,0.0,0.10480349344978165,0.09606986899563319,0.5043668122270742
27,6,Mary Lou Retton,DeMarcus Ware,1.0,0.0,0.10480349344978165,0.11353711790393013,0.49563318777292575
27,6,Mary Lou Retton,Evanna Lynch,1.0,0.0,0.10480349344978165,0.12663755458515283,0.48908296943231444
27,6,Mary Lou Retton,Joe Amabile,1.0,0.0,0.10480349344978165,0.09606986899563319,0.5043668122270742
27,6,Mary Lou Retton,John Schneider,1.0,0.0,0.10480349344978165,0.08296943231441048,0.5109170305676856
27,6,Mary Lou Retton,Juan Pablo Di Pace,1.0,0.0,0.10480349344978165,0.13100436681222707,0.48689956331877726
27,6,Mary Lou Retton,Milo Manheim,1.0,0.0,0.10480349344978165,0.13100436681222707,0.48689956331877726
27,7,DeMarcus Ware,Joe Amabile,0.125,0.125,0.12183908045977011,0.10804597701149425,0.006896551724137931
27,7,John Schneider,Bobby Bones,0.125,0.125,0.12413793103448276,0.12183908045977011,0.0011494252873563218
27,7,John Schneider,Joe Amabile,0.125,0.125,0.12413793103448276,0.10804597701149425,0.008045977011494253
27,8,Joe Amabile,Bobby Bones,0.16666666666666666,0.16666666666666666,0.14285714285714285,0.13975155279503104,0.0015527950310559036
27,8,Juan Pablo Di Pace,Alexis Ren,0.16666666666666666,0.16666666666666666,0.18633540372670807,0.18012422360248448,0.0031055900621117932
27,8,Juan Pablo Di Pace,Bobby Bones,0.16666666666666666,0.16666666666666666,0.18633540372670807,0.13975155279503104,0.02329192546583851
27,8,Juan Pablo Di Pace,Evanna Lynch,0.16666666666666666,0.16666666666666666,0.18633540372670807,0.18012422360248448,0.0031055900621117932
27,8,Juan Pablo Di Pace,Milo Manheim,0.16666666666666666,0.16666666666666666,0.18633540372670807,0.17080745341614906,0.007763975155279504
28,2,Mary Wilson,Lamar Odom,0.0,0.0,0.0684931506849315,0.0547945205479452,0.00684931506849315
28,6,Sailor Brinkley-Cook,Ally Brooke,1.0,0.0,0.11842105263157894,0.10964912280701754,0.5043859649122807
28,6,Sailor Brinkley-Cook,Hannah Brown,1.0,0.0,0.11842105263157894,0.10526315789473684,0.506578947368421
28,6,Sailor Brinkley-Cook,James Van Der Beek,1.0,0.0,0.11842105263157894,0.11842105263157894,0.5
28,6,Sailor Brinkley-Cook,Karamo Brown,1.0,0.0,0.11842105263157894,0.10964912280701754,0.5043859649122807
28,6,Sailor Brinkley-Cook,Kate Flannery,1.0,0.0,0.11842105263157894,0.11842105263157894,0.5
28,6,Sailor Brinkley-Cook,Kel Mitchell,1.0,0.0,0.11842105263157894,0.11403508771929824,0.5021929824561403
28,6,Sailor Brinkley-Cook,Lauren Alaina,1.0,0.0,0.11842105263157894,0.11403508771929824,0.5021929824561403
28,6,Sailor Brinkley-Cook,Sean Spicer,1.0,0.0,0.11842105263157894,0.09210526315789473,0.5131578947368421
28,7,Karamo Brown,Kate Flannery,0.125,0.125,0.12128712871287128,0.1188118811881188,0.0012376237623762387
28,7,Karamo Brown,Sean Spicer,0.125,0.125,0.12128712871287128,0.10396039603960396,0.008663366336633664
28,8,Kate Flannery,Ally Brooke,1.0,0.0,0.13471454803957736,0.15544105882304174,0.4896367446082678
28,8,Kate Flannery,Hannah Brown,1.0,0.0,0.13471454803957736,0.160621391176751,0.4870465784314132
28,8,Kate Flannery,James Van Der Beek,1.0,0.0,0.13471454803957736,0.1658027598041857,0.48445589411769585
28,8,Kate Flannery,Kel Mitchell,1.0,0.0,0.13471454803957736,0.15544002254931627,0.48963726274513053
28,8,Kate Flannery,Lauren Alaina,1.0,0.0,0.13471454803957736,0.1243528470584334,0.5051808504905719
28,8,Kate Flannery,Sean Spicer,1.0,0.0,0.13471454803957736,0.1036273725486945,0.5155435877454414
29,6,Veron Davis,AJ McLean,1.0,0.0,0.07835820895522388,0.10074626865671642,0.48880597014925375
29,6,Veron Davis,Chrishell Stause,1.0,0.0,0.07835820895522388,0.08955223880597014,0.4944029850746269
29,6,Veron Davis,Jeannie Mai,1.0,0.0,0.07835820895522388,0.09328358208955224,0.4925373134328358
29,6,Veron Davis,Johnny Weir,1.0,0.0,0.07835820895522388,0.08208955223880597,0.498134328358209
29,6,Veron Davis,Justina Machado,1.0,0.0,0.07835820895522388,0.10074626865671642,0.48880597014925375
29,6,Veron Davis,Kaitlyn Bristowe,1.0,0.0,0.07835820895522388,0.10074626865671642,0.48880597014925375
29,6,Veron Davis,Monica Aldama,1.0,0.0,0.07835820895522388,0.10074626865671642,0.48880597014925375
29,6,Veron Davis,Nelly,1.0,0.0,0.07835820895522388,0.08955223880597014,0.4944029850746269
29,6,Veron Davis,Nev Schulman,1.0,0.0,0.07835820895522388,0.09701492537313433,0.4906716417910448
29,6,Veron Davis,Skai Jackson,1.0,0.0,0.07835820895522388,0.06716417910447761,0.5055970149253731
29,8,Chrishell Stause,Nelly,0.125,0.125,0.12162184076007344,0.10810830289784307,0.006756768931115188
29,8,Chrishell Stause,Skai Jackson,0.125,0.125,0.12162184076007344,0.1216209398575493,4.504512620684409e-07
29,9,AJ McLean,Nelly,0.14285714285714285,0.14285714285714285,0.12953317941214265,0.1243528470584334,0.002590166176854626
29,10,Johnny Weir,Justina Machado,1.0,0.0,0.16379310344827586,0.16666666666666666,0.4985632183908046
29,10,Johnny Weir,Kaitlyn Bristowe,1.0,0.0,0.16379310344827586,0.1724137931034483,0.4956896551724138
29,10,Johnny Weir,Nelly,1.0,0.0,0.16379310344827586,0.16091954022988506,0.5014367816091954
29,10,Johnny Weir,Nev Schulman,1.0,0.0,0.16379310344827586,0.1724137931034483,0.4956896551724138
29,10,Skai Jackson,Nelly,0.0,0.0,0.16379310344827586,0.16091954022988506,0.0014367816091954005
30,3,Christine Chiu,Amanda Kloots,0.1008897991240198,0.0,0.07046979865771812,0.08053691275167785,0.04541134251503003
30,3,Christine Chiu,Brian Austin Green,0.1008897991240198,0.0,0.07046979865771812,0.06375838926174497,0.05380060425999647
30,3,Christine Chiu,Cody Rigsby,0.1008897991240198,0.0,0.07046979865771812,0.06040268456375839,0.05547845660898976
30,3,Christine Chiu,Iman Shumpert,0.1008897991240198,0.0,0.07046979865771812,0.06375838926174497,0.05380060425999647
30,3,Christine Chiu,Jimmie Allen,0.1008897991240198,0.0,0.07046979865771812,0.06711409395973154,0.052122751911003184
30,3,Christine Chiu,JoJo Siwa,0.1008897991240198,0.0,0.07046979865771812,0.08053691275167785,0.04541134251503003
30,3,Christine Chiu,Matt James,0.1008897991240198,0.0,0.07046979865771812,0.06711409395973154,0.052122751911003184
30,3,Christine Chiu,"Mike ""The Miz"" Mizanin",0.1008897991240198,0.0,0.07046979865771812,0.0738255033557047,0.048767047213016605
30,3,Christine Chiu,Suni Lee,0.1008897991240198,0.0,0.07046979865771812,0.07046979865771812,0.0504448995620099
30,5,Melanie C,Amanda Kloots,1.0,0.0,0.09350649350649351,0.1012987012987013,0.4961038961038961
30,5,Melanie C,Cody Rigsby,1.0,0.0,0.09350649350649351,0.08311688311688312,0.5051948051948052
30,5,Melanie C,Iman Shumpert,1.0,0.0,0.09350649350649351,0.07272727272727272,0.5103896103896104
30,5,Melanie C,Jimmie Allen,1.0,0.0,0.09350649350649351,0.08831168831168831,0.5025974025974026
30,5,Melanie C,JoJo Siwa,1.0,0.0,0.09350649350649351,0.1038961038961039,0.4948051948051948
30,5,Melanie C,Kenya Moore,1.0,0.0,0.09350649350649351,0.09350649350649351,0.5
30,5,Melanie C,Melora Hardin,1.0,0.0,0.09350649350649351,0.09350649350649351,0.5
30,5,Melanie C,"Mike ""The Miz"" Mizanin",1.0,0.0,0.09350649350649351,0.08311688311688312,0.5051948051948052
30,5,Melanie C,Olivia Jade,1.0,0.0,0.09350649350649351,0.09350649350649351,0.5
30,5,Melanie C,Suni Lee,1.0,0.0,0.09350649350649351,0.09350649350649351,0.5
30,8,Olivia Jade,Iman Shumpert,0.125,0.125,0.11688311688311688,0.11363636363636363,0.001623376623376624
30,9,Melora Hardin,Cody Rigsby,0.16666666666666666,0.16666666666666666,0.1592920353982301,0.1570796460176991,0.0011061946902654884
30,9,Suni Lee,Cody Rigsby,0.16666666666666666,0.16666666666666666,0.16592920353982302,0.1570796460176991,0.004424778761061954
31,1,Jason Lewis,Vinny Guadagnino,0.0,0.0,0.04712041884816754,0.04450261780104712,0.0013089005235602108
31,2,Teresa Giudice,Charli D'Amelio,0.3327916636727423,0.0,0.055825242718446605,0.07766990291262135,0.1554735017392838
31,2,Teresa Giudice,Cheryl Ladd,0.3327916636727423,0.0,0.055825242718446605,0.050970873786407765,0.16882301630239058
31,2,Teresa Giudice,Daniel Durant,0.3327916636727423,0.0,0.055825242718446605,0.0703883495145631,0.1591142784383129
31,2,Teresa Giudice,Gabby Windey,0.3327916636727423,0.0,0.055825242718446605,0.07766990291262135,0.1554735017392838
31,2,Teresa Giudice,Jessie James Decker,0.3327916636727423,0.3246679288221187,0.055825242718446605,0.06067961165048544,0.001634682959292394
31,2,Teresa Giudice,Jordin Sparks,0.3327916636727423,0.0,0.055825242718446605,0.06553398058252427,0.16154146290433233
31,2,Teresa Giudice,Joseph Baena,0.3327916636727423,0.0,0.055825242718446605,0.05825242718446602,0.16518223960336145
31,2,Teresa Giudice,Sam Champion,0.3327916636727423,0.0,0.055825242718446605,0.06310679611650485,0.16275505513734204
31,2,Teresa Giudice,Selma Blair,0.3327916636727423,0.0,0.055825242718446605,0.06796116504854369,0.16032787067132262
31,2,Teresa Giudice,Shangela,0.3327916636727423,0.0,0.055825242718446605,0.06796116504854369,0.16032787067132262
31,2,Teresa Giudice,Trevor Donovan,0.3327916636727423,0.0,0.055825242718446605,0.07281553398058252,0.1579006862053032
31,2,Teresa Giudice,Vinny Guadagnino,0.3327916636727423,0.0,0.055825242718446605,0.06553398058252427,0.16154146290433233
31,2,Teresa Giudice,Wayne Brady,0.3327916636727423,0.0,0.055825242718446605,0.07766990291262135,0.1554735017392838
31,3,Cheryl Ladd,Vinny Guadagnino,0.0,0.0,0.05955334987593052,0.05707196029776675,0.0012406947890818872
31,5,Joseph Baena,Daniel Durant,0.08333333333333333,0.08333333333333333,0.07803790412486064,0.07469342251950947,0.0016722408026755842
31,5,Joseph Baena,Vinny Guadagnino,0.08333333333333333,0.08333333333333333,0.07803790412486064,0.06911928651059086,0.004459308807134889
31,6,Jessie James Decker,Vinny Guadagnino,0.1,0.1,0.0927536231884058,0.08115942028985507,0.005797101449275366
31,7,Jordin Sparks,Vinny Guadagnino,0.1111111111111111,0.1111111111111111,0.10599078341013825,0.0967741935483871,0.004608294930875577
32,2,Jamie Lynn Spears,Adrian Peterson,1.0,0.0,0.06722689075630252,0.06302521008403361,0.5021008403361344
32,2,Jamie Lynn Spears,Alyson Hannigan,1.0,0.0,0.06722689075630252,0.07983193277310924,0.49369747899159666
32,2,Jamie Lynn Spears,Ariana Madix,1.0,0.0,0.06722689075630252,0.08403361344537816,0.49159663865546216
32,2,Jamie Lynn Spears,Barry Williams,1.0,0.0,0.06722689075630252,0.06302521008403361,0.5021008403361344
32,2,Jamie Lynn Spears,Charity Lawson,1.0,0.0,0.06722689075630252,0.08823529411764706,0.4894957983193277
32,2,Jamie Lynn Spears,Harry Jowsey,1.0,0.0,0.06722689075630252,0.06302521008403361,0.5021008403361344
32,2,Jamie Lynn Spears,Jason Mraz,1.0,0.0,0.06722689075630252,0.10084033613445378,0.4831932773109244
32,2,Jamie Lynn Spears,Lele Pons,1.0,0.0,0.06722689075630252,0.08823529411764706,0.4894957983193277
32,2,Jamie Lynn Spears,Mauricio Umansky,1.0,0.0,0.06722689075630252,0.05042016806722689,0.5084033613445378
32,2,Jamie Lynn Spears,Mira Sorvino,1.0,0.0,0.06722689075630252,0.07563025210084033,0.4957983193277311
32,2,Jamie Lynn Spears,Tyson Beckford,1.0,0.0,0.06722689075630252,0.07563025210084033,0.4957983193277311
32,2,Jamie Lynn Spears,Xochitl Gomez,1.0,0.0,0.06722689075630252,0.10084033613445378,0.4831932773109244
32,4,Adrian Peterson,Alyson Hannigan,0.09090909090909091,0.09090909090909091,0.0875,0.075,0.006249999999999999
32,4,Adrian Peterson,Barry Williams,0.09090909090909091,0.09090909090909091,0.0875,0.075,0.006249999999999999
32,4,Adrian Peterson,Mauricio Umansky,0.09090909090909091,0.09090909090909091,0.0875,0.07916666666666666,0.004166666666666666
32,5,Mira Sorvino,Alyson Hannigan,0.1,0.1,0.09166666666666666,0.0875,0.002083333333333333
32,5,Mira Sorvino,Harry Jowsey,0.1,0.1,0.09166666666666666,0.075,0.008333333333333331
32,6,Mauricio Umansky,Alyson Hannigan,0.0,0.0,0.10248447204968944,0.09627329192546584,0.0031055900621118
32,6,Mauricio Umansky,Barry Williams,0.0,0.0,0.10248447204968944,0.09937888198757763,0.0015527950310559036
32,6,Mauricio Umansky,Harry Jowsey,0.0,0.0,0.10248447204968944,0.09006211180124224,0.0062111801242236
32,7,Lele Pons,Alyson Hannigan,1.0,0.0,0.12943262411347517,0.12411347517730496,0.5026595744680851
32,7,Lele Pons,Ariana Madix,1.0,0.0,0.12943262411347517,0.13120567375886524,0.499113475177305
32,7,Lele Pons,Barry Williams,1.0,0.0,0.12943262411347517,0.11524822695035461,0.5070921985815603
32,7,Lele Pons,Charity Lawson,1.0,0.0,0.12943262411347517,0.1276595744680851,0.500886524822695
32,7,Lele Pons,Harry Jowsey,1.0,0.0,0.12943262411347517,0.11347517730496454,0.5079787234042553
32,7,Lele Pons,Jason Mraz,1.0,0.0,0.12943262411347517,0.1276595744680851,0.500886524822695
32,7,Lele Pons,Xochitl Gomez,1.0,0.0,0.12943262411347517,0.13120567375886524,0.499113475177305
32,8,Barry Williams,Harry Jowsey,0.14285714285714285,0.14285714285714285,0.1383399209486166,0.11067193675889328,0.013833992094861663
32,8,Barry Williams,Jason Mraz,0.14285714285714285,0.14285714285714285,0.1383399209486166,0.13043478260869565,0.003952569169960479
33,2,Anna Delvey,Brooks Nader,0.8752315413067338,0.12476845869326628,0.06589147286821706,0.07751937984496124,0.36941758781836165
33,2,Anna Delvey,Chandler Kinney,0.8752315413067338,0.0,0.06589147286821706,0.09302325581395349,0.42404987918049863
33,2,Anna Delvey,Danny Amendola,0.8752315413067338,0.0,0.06589147286821706,0.08139534883720931,0.42986383266887074
33,2,Anna Delvey,Dwight Howard ,0.8752315413067338,0.0,0.06589147286821706,0.08527131782945736,0.4279258481727467
33,2,Anna Delvey,Eric Roberts,0.8752315413067338,0.0,0.06589147286821706,0.05813953488372093,0.44149173964561494
33,2,Anna Delvey,Ilona Maher,0.8752315413067338,0.0,0.06589147286821706,0.08139534883720931,0.42986383266887074
33,2,Anna Delvey,Jenn Tran,0.8752315413067338,0.0,0.06589147286821706,0.07364341085271318,0.4337398016611188
33,2,Anna Delvey,Joey Graziadei,0.8752315413067338,0.0,0.06589147286821706,0.08527131782945736,0.4279258481727467
33,2,Anna Delvey,Phaedra Parks,0.8752315413067338,0.0,0.06589147286821706,0.08139534883720931,0.42986383266887074
33,2,Anna Delvey,Reginald VelJohnson,0.8752315413067338,0.0,0.06589147286821706,0.05813953488372093,0.44149173964561494
33,2,Anna Delvey,Stephen Nedoroscik,0.8752315413067338,0.0,0.06589147286821706,0.08527131782945736,0.4279258481727467
33,2,Tori Spelling,Eric Roberts,0.0,0.0,0.07364341085271318,0.05813953488372093,0.007751937984496127
33,2,Tori Spelling,Reginald VelJohnson,0.0,0.0,0.07364341085271318,0.05813953488372093,0.007751937984496127
33,4,Brooks Nader,Dwight Howard ,0.1111111111111111,0.1111111111111111,0.10884353741496598,0.09863945578231292,0.005102040816326529
33,6,Jenn Tran,Danny Amendola,0.14285714285714285,0.14285714285714285,0.15048543689320387,0.13592233009708737,0.007281553398058249
33,6,Jenn Tran,Ilona Maher,0.14285714285714285,0.14285714285714285,0.15048543689320387,0.11650485436893204,0.016990291262135915
33,6,Jenn Tran,Stephen Nedoroscik,0.14285714285714285,0.14285714285714285,0.15048543689320387,0.13592233009708737,0.007281553398058249
34,2,Baron Davis,Andy Richter,0.07142857142857142,0.07142857142857142,0.06474820143884892,0.05755395683453238,0.003597122302158272
34,4,Hilaria Baldwin,Alix Earle,1.0,0.0,0.09274193548387097,0.0967741935483871,0.49798387096774194
34,4,Hilaria Baldwin,Andy Richter,1.0,0.0,0.09274193548387097,0.07258064516129033,0.5100806451612904
34,4,Hilaria Baldwin,Danielle Fishel,1.0,0.0,0.09274193548387097,0.0846774193548387,0.5040322580645161
34,4,Hilaria Baldwin,Dylan Efron,1.0,0.0,0.09274193548387097,0.09274193548387097,0.5
34,4,Hilaria Baldwin,Elaine Hendrix,1.0,0.0,0.09274193548387097,0.0967741935483871,0.49798387096774194
34,4,Hilaria Baldwin,Jen Affleck,1.0,0.0,0.09274193548387097,0.09274193548387097,0.5
34,4,Hilaria Baldwin,Jordan Chiles,1.0,0.0,0.09274193548387097,0.0967741935483871,0.49798387096774194
34,4,Hilaria Baldwin,Robert Irwin,1.0,0.0,0.09274193548387097,0.08870967741935484,0.502016129032258
34,4,Hilaria Baldwin,Scott Hoying,1.0,0.0,0.09274193548387097,0.0846774193548387,0.5040322580645161
34,4,Hilaria Baldwin,Whitney Leavitt,1.0,0.0,0.09274193548387097,0.10080645161290322,0.4959677419354839
34,6,Scott Hoying,Andy Richter,0.1,0.1,0.08235294117647059,0.07941176470588235,0.0014705882352941194
34,7,Jen Affleck,Andy Richter,0.1111111111111111,0.1111111111111111,0.10240963855421686,0.08734939759036145,0.007530120481927707
34,7,Jen Affleck,Elaine Hendrix,0.1111111111111111,0.1111111111111111,0.10240963855421686,0.0963855421686747,0.00301204819277108
34,8,Danielle Fishel,Andy Richter,0.125,0.125,0.12271973466003316,0.11276948590381426,0.004975124378109451
34,10,Whitney Leavitt,Dylan Efron,0.16666666666666666,0.16666666666666666,0.1686046511627907,0.15988372093023256,0.004360465116279064
34,10,Whitney Leavitt,Elaine Hendrix,0.16666666666666666,0.16666666666666666,0.1686046511627907,0.16569767441860464,0.0014534883720930258
34,10,Whitney Leavitt,Jordan Chiles,0.16666666666666666,0.16666666666666666,0.1686046511627907,0.16569767441860464,0.0014534883720930258
